{
    "users": [
        {
            "username": "zhangsan",
            "password": "123456"
        }
    ],
    "chapterList": [
        {
            "title": "三股冷空气接连来袭 北方多地雨雪降温",
            "views": 10
        },
        {
            "title": "多地企业工资指导线温和调整 你的工资涨了吗？",
            "views": 20
        },
        {
            "title": "填补空白！中国首款10兆瓦级海上风电机组通过认证？",
            "views": 30
        }
    ]
}